,0
0," Abla, Almería, Andalucía, 04510, España"
1," Abrucena, Almería, Andalucía, 04510, España"
2," Albánchez, Valle del Almanzora, Almería, Andalucía, España"
3,"Calle Sorianos, Alboloduy, Almería, Andalucía, España"
4," Valle del Almanzora, Almería, Andalucía, 04800, España"
5," Calle Jazmines, Alcolea, Almería, Andalucía, España"
6," Alcóntar, Valle del Almanzora, Almería, Andalucía, España"
7," Plaza Mayor, Alcudia de Monteagud, Almería, Andalucía, España"
8," Avenida Francisco Romero Jordán, Alhabia, Almería, Andalucía, España"
9,"Alhama de Almería, Almería, Andalucía, 04400, España"
10," Plaza de Alicún, Alicún, Almería, Andalucía, España"
11," Almedina, Almería, Andalucía, 04071, España"
12," Almócita, Almería, Andalucía, 04458, España"
13," Calle Real, Alsodux, Almería, Andalucía, España"
14," Antas, Almería, Andalucía, 04628, España"
15," Valle del Almanzora, Almería, Andalucía, 04660, España"
16," Armuña de Almanzora, Valle del Almanzora, Almería, Andalucía, España"
17," Bacares, Valle del Almanzora, Almería, Andalucía, España"
18," Bayárcal, Almería, Andalucía, 18494, España"
19," Valle del Almanzora, Almería, Andalucía, 04880, España"
20," Calle Reina, Bédar, Almería, Andalucía, España"
21," Beires, Almería, Andalucía, 04458, España"
22," Benahadux, Almería, Andalucía, 04410, España"
23," Benitagla, Almería, Andalucía, 04859, España"
24," Benizalón, Almería, Andalucía, 04279, España"
25," Bentarique, Almería, Andalucía, 04430, España"
26," Berja, Almería, Andalucía, 04760, España"
27,"Canjáyar, Almería, Andalucía, 04458, España"
28," Cantoria, Valle del Almanzora, Almería, Andalucía, España"
29,"Carboneras, Almería, Andalucía, 04140, España"
30," Castro de Filabres, Almería, Andalucía, 04212, España"
31," Valle del Almanzora, Almería, Andalucía, 04859, España"
32," Chirivel, Los Vélez, Almería, Andalucía, España"
33," Valle del Almanzora, Almería, Andalucía, 04859, España"
34," Cuevas del Almanzora, Almería, Andalucía, 04610, España"
35,"Dalías, Almería, Andalucía, España"
36," El Ejido, Almería, Andalucía, 04700, España"
37,"Calle Monseñor Justo Mullor García, Enix, Almería, Andalucía, España"
38,"Calle Barranco, Felix, Almería, Andalucía, España"
39,"Calle Real, Fiñana, Almería, Andalucía, España"
40," Valle del Almanzora, Almería, Andalucía, 04860, España"
41," Fondón, Almería, Andalucía, 04470, España"
42," Gádor, Almería, Andalucía, 04560, España"
43," Los Gallardos, Almería, Andalucía, 04288, España"
44," Garrucha, Almería, Andalucía, 04630, España"
45,"Calle Iglesia, Gérgal, Almería, Andalucía, España"
46," Huecija, Huécija, Almería, Andalucía, España"
47," Huércal-Overa, Almería, Andalucía, 04600, España"
48," Huércal de Almería, Almería, Andalucía, 04230, España"
49," Íllar, Almería, Andalucía, 04430, España"
50,"Plaza Federico Salvador, Instinción, Almería, Andalucía, España"
51," Valle del Almanzora, Almería, Andalucía, 04867, España"
52," Láujar de Andarax, Almería, Andalucía, 04470, España"
53," Valle del Almanzora, Almería, Andalucía, 04859, España"
54," Lubrín, Almería, Andalucía, 04271, España"
55," Calle Dr. J García Galera, Lucainena de las Torres, Almería, Andalucía, España"
56," Valle del Almanzora, Almería, Andalucía, 04887, España"
57," Valle del Almanzora, Almería, Andalucía, 04867, España"
58," María, Los Vélez, Almería, Andalucía, España"
59," Mojácar, Almería, Andalucía, 04638, España"
60," La Mojonera, Almería, Andalucía, 04745, España"
61," Calle Plaza, Nacimiento, Almería, Andalucía, España"
62," Níjar, Almería, Andalucía, 04100, España"
63," Plaza Miguel Vizcaino, Ohanes, Almería, Andalucía, España"
64,"Olula de Castro, Almería, Andalucía, 04212, España"
65," Valle del Almanzora, Almería, Andalucía, 04860, España"
66," Oria, Valle del Almanzora, Almería, Andalucía, España"
67," Padules, Almería, Andalucía, 04458, España"
68," Partaloa, Valle del Almanzora, Almería, Andalucía, España"
69,"Calle la Fuente, Paterna del Río, Almería, Andalucía, España"
70," Pechina, Almería, Andalucía, 04250, España"
71," Pulpí, Almería, Andalucía, 04640, España"
72," Purchena, Valle del Almanzora, Almería, Andalucía, España"
73," Rágol, Almería, Andalucía, 04430, España"
74," Rioja, Almería, Andalucía, 04410, España"
75," Roquetas de Mar, Almería, Andalucía, 04740, España"
76," Calle Granada, Santa Cruz de Marchena, Almería, Andalucía, España"
77," Santa Fe de Mondújar, Almería, Andalucía, 04420, España"
78,"Senés, Almería, Andalucía, 04213, España"
79," Valle del Almanzora, Almería, Andalucía, 04890, España"
80," Valle del Almanzora, Almería, Andalucía, 04880, España"
81," Valle del Almanzora, Almería, Andalucía, 04887, España"
82," Sorbas, Almería, Andalucía, 04270, España"
83," Valle del Almanzora, Almería, Andalucía, 04880, España"
84," Tabernas, Almería, Andalucía, 04200, España"
85," Taberno, Valle del Almanzora, Almería, Andalucía, España"
86," Benitorafe, Tahal, Almería, Andalucía, España"
87,"Plaza de la Constitución, Terque, Almería, Andalucía, España"
88," Valle del Almanzora, Almería, Andalucía, 04880, España"
89,"Las Tres Villas, Almería, Andalucía, España"
90," Turre, Almería, Andalucía, 04639, España"
91," Calle Alcalde Juan Verdejo, Turrillas, Almería, Andalucía, España"
92," Uleila del Campo, Almería, Andalucía, 04279, España"
93," Urrácal, Valle del Almanzora, Almería, Andalucía, España"
94," Velefique, Almería, Andalucía, 04212, España"
95," Los Vélez, Almería, Andalucía, 04830, España"
96," Los Vélez, Almería, Andalucía, 04820, España"
97," Vera, Almería, Andalucía, 04618, España"
98," Viator, Almería, Andalucía, 04240, España"
99," Vícar, Almería, Andalucía, 04738, España"
100," Zurgena, Valle del Almanzora, Almería, Andalucía, España"
101," Alcalá de los Gazules, La Janda, Cádiz, Andalucía, España"
102," Sierra de Cádiz, Cádiz, Andalucía, 11693, España"
103," Algar, Sierra de Cádiz, Cádiz, Andalucía, España"
104," Campo de Gibraltar, Cádiz, Andalucía, 11201, España"
105," Sierra de Cádiz, Cádiz, Andalucía, 11680, España"
106," Sierra de Cádiz, Cádiz, Andalucía, 11630, España"
107," Barbate, La Janda, Cádiz, Andalucía, España"
108," Campo de Gibraltar, Cádiz, Andalucía, 11370, España"
109," La Janda, Cádiz, Andalucía, 11190, España"
110," Sierra de Cádiz, Cádiz, Andalucía, 11612, España"
111," Bornos, Sierra de Cádiz, Cádiz, Andalucía, España"
112," Sierra de Cádiz, Cádiz, Andalucía, 11670, España"
113," Bahía de Cádiz, Cádiz, Andalucía, 11005, España"
114," Campo de Gibraltar, Cádiz, Andalucía, 11350, España"
115," Bahía de Cádiz, Cádiz, Andalucía, 11130, España"
116," Costa Noroeste, Cádiz, Andalucía, 11550, España"
117," La Janda, Cádiz, Andalucía, 11140, España"
118," Sierra de Cádiz, Cádiz, Andalucía, 11648, España"
119," Sierra de Cádiz, Cádiz, Andalucía, 11687, España"
120," Sierra de Cádiz, Cádiz, Andalucía, 11610, España"
121," Campiña de Jerez, Cádiz, Andalucía, 11402, España"
122," Campo de Gibraltar, Cádiz, Andalucía, 11339, España"
123," Campo de Gibraltar, Cádiz, Andalucía, 11300, España"
124," La Janda, Cádiz, Andalucía, 11170, España"
125," Sierra de Cádiz, Cádiz, Andalucía, 11690, España"
126," La Janda, Cádiz, Andalucía, 11178, España"
127," Sierra de Cádiz, Cádiz, Andalucía, 11660, España"
128," Bahía de Cádiz, Cádiz, Andalucía, 11500, España"
129," Bahía de Cádiz, Cádiz, Andalucía, 11510, España"
130," Puerto Serrano, Sierra de Cádiz, Cádiz, Andalucía, España"
131," Costa Noroeste, Cádiz, Andalucía, 11520, España"
132," Bahía de Cádiz, Cádiz, Andalucía, 11100, España"
133," San José del Valle, Campiña de Jerez, Cádiz, Andalucía, España"
134," San Roque, Campo de Gibraltar, Cádiz, Andalucía, España"
135," Costa Noroeste, Cádiz, Andalucía, 11540, España"
136," Sierra de Cádiz, Cádiz, Andalucía, 11692, España"
137," Campo de Gibraltar, Cádiz, Andalucía, 11380, España"
138," Sierra de Cádiz, Cádiz, Andalucía, 11690, España"
139," Costa Noroeste, Cádiz, Andalucía, 11560, España"
140," Sierra de Cádiz, Cádiz, Andalucía, 11600, España"
141," La Janda, Cádiz, Andalucía, 11150, España"
142," Sierra de Cádiz, Cádiz, Andalucía, 11611, España"
143," Sierra de Cádiz, Cádiz, Andalucía, 11650, España"
144," Sierra de Cádiz, Cádiz, Andalucía, 11680, España"
145," Adamuz, Córdoba, Andalucía, 14430, España"
146," Aguilar de la Frontera, Córdoba, Andalucía, 14920, España"
147," Plaza de los Pedroches, Alcaracejos, Córdoba, Andalucía, España"
148,"Calle Calvario, Almedinilla, Córdoba, Andalucía, España"
149," Almodóvar del Río, Córdoba, Andalucía, 14720, España"
150,"Añora, Córdoba, Andalucía, 14460, España"
151," Baena, Córdoba, Andalucía, 14850, España"
152," Plaza de la Constitución, Belalcázar, Córdoba, Andalucía, España"
153," Calle Córdoba, Belmez, Córdoba, Andalucía, España"
154," Plaza de La Constitución, Benamejí, Córdoba, Andalucía, España"
155,"Calle Huertas, Los Blázquez, Córdoba, Andalucía, España"
156," Bujalance, Córdoba, Andalucía, 14650, España"
157," Cabra, Córdoba, Andalucía, 14940, España"
158," Cañete de las Torres, Córdoba, Andalucía, 14660, España"
159," Carcabuey, Córdoba, Andalucía, 14810, España"
160,"Plaza de la Independencia Local, Cardeña, Córdoba, Andalucía, España"
161," La Carlota, Córdoba, Andalucía, 14100, España"
162,"Plaza de la Constitución, El Carpio, Córdoba, Andalucía, España"
163," Castro del Río, Córdoba, Andalucía, 14840, España"
164," Calle Mayor, Conquista, Córdoba, Andalucía, España"
165," Distrito Centro, Córdoba, Andalucía, 14003, España"
166," Doña Mencía, Córdoba, Andalucía, 14860, España"
167,"Plaza de la Villa, Dos Torres, Córdoba, Andalucía, España"
168,"Plaza de la Democracia, Encinas Reales, Córdoba, Andalucía, España"
169," Plaza de la Constitución, Espejo, Córdoba, Andalucía, España"
170," Espiel, Córdoba, Andalucía, 14220, España"
171," Fernán-Núñez, Córdoba, Andalucía, 14530, España"
172," Fuente-Tójar, Córdoba, Andalucía, 14814, España"
173," Plaza de Sotomayor y Zúñiga, Fuente la Lancha, Córdoba, Andalucía, España"
174," Plaza de Lope de Vega, Fuente Obejuna, Córdoba, Andalucía, España"
175," Fuente Palmera, Córdoba, Andalucía, 14120, España"
176," Calle María Amaro, La Granjuela, Córdoba, Andalucía, España"
177," Calle María Auxiliadora, Guadalcázar, Córdoba, Andalucía, España"
178," El Guijo, Córdoba, Andalucía, 14413, España"
179," Hinojosa del Duque, Córdoba, Andalucía, 14270, España"
180," Hornachuelos, Córdoba, Andalucía, 14740, España"
181," Iznájar, Córdoba, Andalucía, 14970, España"
182," Lucena, Córdoba, Andalucía, 14900, España"
183," Luque, Córdoba, Andalucía, 14880, España"
184," Montalbán de Córdoba, Córdoba, Andalucía, 14548, España"
185," Montemayor, Córdoba, Andalucía, 14530, España"
186," Montilla, Córdoba, Andalucía, 14550, España"
187," Montoro, Córdoba, Andalucía, 14600, España"
188," Monturque, Córdoba, Andalucía, 14510, España"
189," Moriles, Córdoba, Andalucía, 14510, España"
190," Plaza del Marqués de Estella, Nueva Carteya, Córdoba, Andalucía, España"
191," Obejo, Córdoba, Andalucía, 14310, España"
192," Calle San Isidro, Palenciana, Córdoba, Andalucía, España"
193," Palma del Río, Córdoba, Andalucía, 14700, España"
194," Pedro Abad, Córdoba, Andalucía, 14630, España"
195,"Peñarroya-Pueblonuevo, Córdoba, Andalucía, 14200, España"
196," Posadas, Córdoba, Andalucía, 14730, España"
197," Pozoblanco, Córdoba, Andalucía, 14400, España"
198," Priego de Córdoba, Córdoba, Andalucía, 14800, España"
199," Puente Genil, Córdoba, Andalucía, 14500, España"
200," La Rambla, Córdoba, Andalucía, 14540, España"
201,"Calle Roldán, Rute, Córdoba, Andalucía, España"
202," San Sebastián de los Ballesteros, Córdoba, Andalucía, 14547, España"
203," Plaza Mayor, Santa Eufemia, Córdoba, Andalucía, España"
204,"Santaella, Córdoba, Andalucía, España"
205," Plaza de Jesús, Torrecampo, Córdoba, Andalucía, España"
206," Calle Huerta, Valenzuela, Córdoba, Andalucía, España"
207," Plaza de la Constitución, Valsequillo, Córdoba, Andalucía, España"
208," Distrito Centro, Córdoba, Andalucía, 14008, España"
209," Plaza de la Constitución, Villa del Río, Córdoba, Andalucía, España"
210," Villafranca de Córdoba, Córdoba, Andalucía, 14420, España"
211," Avenida de Andalucía, Villaharta, Córdoba, Andalucía, España"
212," Villanueva de Córdoba, Córdoba, Andalucía, 14440, España"
213," Plaza del Duque de Béjar, Villanueva del Duque, Córdoba, Andalucía, España"
214," Plaza del Ayuntamiento, Villanueva del Rey, Córdoba, Andalucía, España"
215," Villaralto, Córdoba, Andalucía, 14470, España"
216," Villaviciosa de Córdoba, Córdoba, Andalucía, 14300, España"
217," El Viso, Córdoba, Andalucía, 14470, España"
218," Zuheros, Córdoba, Andalucía, 14860, España"
219," Comarca de Alhama, Granada, Andalucía, 18132, España"
220," Comarca de Los Montes, Granada, Andalucía, 18520, España"
221," Comarca de la Vega de Granada, Granada, Andalucía, 18220, España"
222," Comarca de la Costa Granadina, Granada, Andalucía, 18708, España"
223," Comarca de Guadix, Granada, Andalucía, 18518, España"
224," Comarca del Valle de Lecrín, Granada, Andalucía, 18659, España"
225," Comarca de Guadix, Granada, Andalucía, 18514, España"
226," Comarca de la Vega de Granada, Granada, Andalucía, 18170, España"
227," Comarca de Loja, Granada, Andalucía, 18280, España"
228," Comarca de Alhama, Granada, Andalucía, 18120, España"
229," Comarca de la Vega de Granada, Granada, Andalucía, 18620, España"
230," Comarca de Los Montes, Granada, Andalucía, 18538, España"
231," Comarca de la Alpujarra Granadina, Granada, Andalucía, 18438, España"
232," Comarca de la Costa Granadina, Granada, Andalucía, 18690, España"
233," Comarca de la Alpujarra Granadina, Granada, Andalucía, 18450, España"
234," Comarca de Guadix, Granada, Andalucía, 18518, España"
235," Comarca de Alhama, Granada, Andalucía, 18126, España"
236," Comarca de la Vega de Granada, Granada, Andalucía, 18100, España"
237," Comarca de la Vega de Granada, Granada, Andalucía, 18230, España"
238," Comarca de Baza, Granada, Andalucía, 18800, España"
239," Comarca de la Vega de Granada, Granada, Andalucía, 18184, España"
240," Comarca de Guadix, Granada, Andalucía, 18516, España"
241," Comarca de Guadix, Granada, Andalucía, 18510, España"
242," Benalúa de las Villas, Comarca de Los Montes, Granada, Andalucía, España"
243," Comarca de Baza, Granada, Andalucía, 18817, España"
244," Comarca de la Alpujarra Granadina, Granada, Andalucía, 18451, España"
245," Comarca de la Alpujarra Granadina, Granada, Andalucía, 18412, España"
246," Comarca de la Alpujarra Granadina, Granada, Andalucía, 18416, España"
247," Cacín, Comarca de Alhama, Granada, Andalucía, España"
248," Comarca de la Alpujarra Granadina, Granada, Andalucía, 18440, España"
249," Comarca de la Vega de Granada, Granada, Andalucía, 18199, España"
250," Comarca de Guadix, Granada, Andalucía, 18512, España"
251," Comarca de la Vega de Granada, Granada, Andalucía, 18212, España"
252," Comarca de Los Montes, Granada, Andalucía, 18565, España"
253," Comarca de la Alpujarra Granadina, Granada, Andalucía, 18410, España"
254," Comarca de Baza, Granada, Andalucía, 18810, España"
255," Comarca de la Alpujarra Granadina, Granada, Andalucía, 18413, España"
256," Comarca de la Alpujarra Granadina, Granada, Andalucía, 18410, España"
257," Comarca de la Alpujarra Granadina, Granada, Andalucía, 18439, España"
258," Comarca de Huéscar, Granada, Andalucía, 18818, España"
259," Comarca de Huéscar, Granada, Andalucía, 18816, España"
260," Comarca de la Vega de Granada, Granada, Andalucía, 18190, España"
261," Comarca de la Vega de Granada, Granada, Andalucía, 18330, España"
262," Comarca de Alhama, Granada, Andalucía, 18329, España"
263," Comarca de la Vega de Granada, Granada, Andalucía, 18194, España"
264," Comarca de la Vega de Granada, Granada, Andalucía, 18339, España"
265," Comarca de Guadix, Granada, Andalucía, 18518, España"
266," Comarca de la Vega de Granada, Granada, Andalucía, 18211, España"
267," Comarca de Los Montes, Granada, Andalucía, 18564, España"
268," Comarca de Baza, Granada, Andalucía, 18814, España"
269," Comarca de Guadix, Granada, Andalucía, 18517, España"
270," Comarca de Baza, Granada, Andalucía, 18813, España"
271," Comarca de Baza, Granada, Andalucía, 18850, España"
272," Comarca de la Vega de Granada, Granada, Andalucía, 18195, España"
273," Comarca de Guadix, Granada, Andalucía, 18181, España"
274," Comarca de Los Montes, Granada, Andalucía, 18538, España"
275," Comarca de Los Montes, Granada, Andalucía, 18570, España"
276," Comarca de Guadix, Granada, Andalucía, 18180, España"
277," Comarca de la Vega de Granada, Granada, Andalucía, 18152, España"
278," Comarca de Guadix, Granada, Andalucía, 18513, España"
279," Comarca de la Vega de Granada, Granada, Andalucía, 18192, España"
280," Comarca del Valle de Lecrín, Granada, Andalucía, 18650, España"
281," Escúzar, Comarca de Alhama, Granada, Andalucía, España"
282," Comarca de Guadix, Granada, Andalucía, 18513, España"
283," Comarca de Guadix, Granada, Andalucía, 18515, España"
284," Comarca de Baza, Granada, Andalucía, 18812, España"
285," Comarca de la Vega de Granada, Granada, Andalucía, 18340, España"
286," Comarca de la Vega de Granada, Granada, Andalucía, 18110, España"
287," Comarca de Huéscar, Granada, Andalucía, 18840, España"
288," Comarca de Los Montes, Granada, Andalucía, 18563, España"
289," Comarca de la Vega de Granada, Granada, Andalucía, 18150, España"
290," Comarca de Guadix, Granada, Andalucía, 18870, España"
291," Comarca de Guadix, Granada, Andalucía, 18890, España"
292," Comarca de la Vega de Granada, Granada, Andalucía, 18001, España"
293," Comarca de Los Montes, Granada, Andalucía, 18560, España"
294," Comarca de Guadix, Granada, Andalucía, 18500, España"
295," Comarca de la Costa Granadina, Granada, Andalucía, 18615, España"
296," Comarca de la Costa Granadina, Granada, Andalucía, 18740, España"
297," Comarca de la Vega de Granada, Granada, Andalucía, 18160, España"
298," Comarca de la Vega de Granada, Granada, Andalucía, 18212, España"
299," Huélago, Comarca de Guadix, Granada, Andalucía, España"
300," Comarca de Guadix, Granada, Andalucía, 18512, España"
301," Comarca de Huéscar, Granada, Andalucía, 18830, España"
302," Comarca de la Vega de Granada, Granada, Andalucía, 18183, España"
303," Comarca de Loja, Granada, Andalucía, 18360, España"
304," Comarca de la Vega de Granada, Granada, Andalucía, 18198, España"
305," Comarca de Loja, Granada, Andalucía, 18260, España"
306," Ítrabo, Comarca de la Costa Granadina, Granada, Andalucía, España"
307," Comarca de Los Montes, Granada, Andalucía, 18550, España"
308," Comarca de Alhama, Granada, Andalucía, 18127, España"
309," Comarca de Guadix, Granada, Andalucía, 18518, España"
310," Comarca de la Costa Granadina, Granada, Andalucía, 18699, España"
311," Comarca de la Vega de Granada, Granada, Andalucía, 18213, España"
312," Comarca de la Alpujarra Granadina, Granada, Andalucía, 18452, España"
313," Comarca de la Vega de Granada, Granada, Andalucía, 18327, España"
314," Comarca de la Alpujarra Granadina, Granada, Andalucía, 18420, España"
315," Comarca de Guadix, Granada, Andalucía, 18518, España"
316," Comarca del Valle de Lecrín, Granada, Andalucía, 18656, España"
317," Comarca de la Costa Granadina, Granada, Andalucía, 18698, España"
318," Comarca de la Alpujarra Granadina, Granada, Andalucía, 18449, España"
319," Comarca de Loja, Granada, Andalucía, 18300, España"
320," Comarca de Guadix, Granada, Andalucía, 18516, España"
321," Comarca de la Costa Granadina, Granada, Andalucía, 18614, España"
322," Comarca de Alhama, Granada, Andalucía, 18130, España"
323," Comarca de la Vega de Granada, Granada, Andalucía, 18200, España"
324," Comarca de Guadix, Granada, Andalucía, 18519, España"
325," Comarca de Loja, Granada, Andalucía, 18247, España"
326," Comarca de la Costa Granadina, Granada, Andalucía, 18611, España"
327," Comarca de la Vega de Granada, Granada, Andalucía, 18193, España"
328," Comarca de Loja, Granada, Andalucía, 18270, España"
329," Comarca de Los Montes, Granada, Andalucía, 18561, España"
330," Comarca de Los Montes, Granada, Andalucía, 23140, España"
331," Comarca de Loja, Granada, Andalucía, 18370, España"
332," Comarca de Los Montes, Granada, Andalucía, 18540, España"
333," Comarca de la Costa Granadina, Granada, Andalucía, 18600, España"
334," Comarca de la Alpujarra Granadina, Granada, Andalucía, 18490, España"
335," Comarca de la Alpujarra Granadina, Granada, Andalucía, 18494, España"
336," Comarca del Valle de Lecrín, Granada, Andalucía, 18657, España"
337," Comarca de la Vega de Granada, Granada, Andalucía, 18214, España"
338," Comarca de la Vega de Granada, Granada, Andalucía, 18151, España"
339," Orce, Comarca de Huéscar, Granada, Andalucía, España"
340," Comarca de la Alpujarra Granadina, Granada, Andalucía, 18400, España"
341," Comarca de la Costa Granadina, Granada, Andalucía, 18698, España"
342," Comarca de la Vega de Granada, Granada, Andalucía, 18630, España"
343," Comarca del Valle de Lecrín, Granada, Andalucía, 18640, España"
344," Comarca de la Alpujarra Granadina, Granada, Andalucía, 18411, España"
345," Comarca de Los Montes, Granada, Andalucía, 18530, España"
346," Comarca de la Vega de Granada, Granada, Andalucía, 18210, España"
347," Comarca de Guadix, Granada, Andalucía, 18517, España"
348," Comarca de Los Montes, Granada, Andalucía, 18568, España"
349," Comarca de Los Montes, Granada, Andalucía, 18568, España"
350," Comarca de la Vega de Granada, Granada, Andalucía, 18191, España"
351," Comarca de la Vega de Granada, Granada, Andalucía, 18240, España"
352," Comarca de Guadix, Granada, Andalucía, 18516, España"
353," Comarca de la Costa Granadina, Granada, Andalucía, 18711, España"
354," Comarca de la Alpujarra Granadina, Granada, Andalucía, 18415, España"
355," Comarca de Huéscar, Granada, Andalucía, 18820, España"
356," Comarca de la Vega de Granada, Granada, Andalucía, 18197, España"
357," Comarca de Guadix, Granada, Andalucía, 18519, España"
358," Comarca de la Vega de Granada, Granada, Andalucía, 18192, España"
359," Comarca de la Costa Granadina, Granada, Andalucía, 18711, España"
360," Comarca de Loja, Granada, Andalucía, 18310, España"
361," Santa Cruz del Comercio, Comarca de Alhama, Granada, Andalucía, España"
362," Comarca de la Vega de Granada, Granada, Andalucía, 18320, España"
363," Comarca de la Alpujarra Granadina, Granada, Andalucía, 18410, España"
364," Comarca de la Costa Granadina, Granada, Andalucía, 18713, España"
365," Comarca de la Alpujarra Granadina, Granada, Andalucía, 18414, España"
366," Comarca de Los Montes, Granada, Andalucía, 18563, España"
367," Comarca de la Alpujarra Granadina, Granada, Andalucía, 18430, España"
368," Comarca de la Alpujarra Granadina, Granada, Andalucía, 18417, España"
369," Comarca de la Alpujarra Granadina, Granada, Andalucía, 18491, España"
370," Comarca de la Alpujarra Granadina, Granada, Andalucía, 18480, España"
371,"Valle del Zalabí, Comarca de Guadix, Granada, Andalucía, España"
372,"Valle del Zalabí, Comarca de Guadix, Granada, Andalucía, España"
373," Comarca de la Alpujarra Granadina, Granada, Andalucía, 18470, España"
374," Comarca de la Vega de Granada, Granada, Andalucía, 18195, España"
375," Comarca de la Costa Granadina, Granada, Andalucía, 18670, España"
376," Comarca de Alhama, Granada, Andalucía, 18131, España"
377," Comarca del Valle de Lecrín, Granada, Andalucía, 18650, España"
378," Villanueva de las Torres, Comarca de Los Montes, Granada, Andalucía, España"
379," Comarca de Loja, Granada, Andalucía, 18369, España"
380," Comarca de la Vega de Granada, Granada, Andalucía, 18179, España"
381," Comarca de Alhama, Granada, Andalucía, 18128, España"
382," Comarca de Loja, Granada, Andalucía, 18311, España"
383," Comarca de la Vega de Granada, Granada, Andalucía, 18140, España"
384," Comarca de Baza, Granada, Andalucía, 18811, España"
385," Sierra de Aracena, Huelva, Andalucía, 21340, España"
386," Comarca Metropolitana de Huelva, Huelva, Andalucía, 21110, España"
387," El Andévalo, Huelva, Andalucía, 21593, España"
388," Sierra de Aracena, Huelva, Andalucía, 21350, España"
389," El Condado, Huelva, Andalucía, 21730, España"
390," Alosno, El Andévalo, Huelva, Andalucía, España"
391," Sierra de Aracena, Huelva, Andalucía, 21200, España"
392," Sierra de Aracena, Huelva, Andalucía, 21240, España"
393," Arroyomolinos de León, Sierra de Aracena, Huelva, Andalucía, España"
394," Costa Occidental, Huelva, Andalucía, 21400, España"
395," El Condado, Huelva, Andalucía, 21630, España"
396," Aroche, Sierra de Aracena, Huelva, Andalucía, España"
397," El Condado, Huelva, Andalucía, 21710, España"
398," El Condado, Huelva, Andalucía, 21830, España"
399," Cabezas Rubias, El Andévalo, Huelva, Andalucía, España"
400," Cala, Sierra de Aracena, Huelva, Andalucía, España"
401," El Andévalo, Huelva, Andalucía, 21300, España"
402," Cuenca Minera, Huelva, Andalucía, 21660, España"
403," Campofrío, Cuenca Minera, Huelva, Andalucía, España"
404," Cañaveral de León, Sierra de Aracena, Huelva, Andalucía, España"
405," Costa Occidental, Huelva, Andalucía, 21450, España"
406," Sierra de Aracena, Huelva, Andalucía, 21292, España"
407," El Cerro de Andévalo, El Andévalo, Huelva, Andalucía, España"
408," Chucena, El Condado, Huelva, Andalucía, España"
409," Sierra de Aracena, Huelva, Andalucía, 21209, España"
410,"Cortegana, Sierra de Aracena, Huelva, Andalucía, España"
411," Cortelazor, Sierra de Aracena, Huelva, Andalucía, España"
412," Sierra de Aracena, Huelva, Andalucía, 21387, España"
413," Sierra de Aracena, Huelva, Andalucía, 21386, España"
414," Sierra de Aracena, Huelva, Andalucía, 21380, España"
415," Encinasola, Sierra de Aracena, Huelva, Andalucía, España"
416," Escacena del Campo, El Condado, Huelva, Andalucía, España"
417," Sierra de Aracena, Huelva, Andalucía, 21292, España"
418," Sierra de Aracena, Huelva, Andalucía, 21291, España"
419," Comarca Metropolitana de Huelva, Huelva, Andalucía, 21500, España"
420," Comarca Metropolitana de Huelva, Huelva, Andalucía, 21819, España"
421," Comarca Metropolitana de Huelva, Huelva, Andalucía, 21007, España"
422," Higuera de la Sierra, Sierra de Aracena, Huelva, Andalucía, España"
423," Hinojales, Sierra de Aracena, Huelva, Andalucía, España"
424," Hinojos, El Condado, Huelva, Andalucía, España"
425," Comarca Metropolitana de Huelva, Huelva, Andalucía, 21003, España"
426," Costa Occidental, Huelva, Andalucía, 21410, España"
427," Sierra de Aracena, Huelva, Andalucía, 21290, España"
428," Costa Occidental, Huelva, Andalucía, 21440, España"
429," Sierra de Aracena, Huelva, Andalucía, 21340, España"
430," El Condado, Huelva, Andalucía, 21830, España"
431," Manzanilla, El Condado, Huelva, Andalucía, España"
432," Sierra de Aracena, Huelva, Andalucía, 21340, España"
433," Cuenca Minera, Huelva, Andalucía, 21660, España"
434," Comarca Metropolitana de Huelva, Huelva, Andalucía, 21800, España"
435," Sierra de Aracena, Huelva, Andalucía, 21360, España"
436," Cuenca Minera, Huelva, Andalucía, 21670, España"
437," El Condado, Huelva, Andalucía, 21830, España"
438," El Condado, Huelva, Andalucía, 21700, España"
439," Comarca Metropolitana de Huelva, Huelva, Andalucía, 21810, España"
440," Paterna del Campo, El Condado, Huelva, Andalucía, España"
441," Paymogo, El Andévalo, Huelva, Andalucía, España"
442," El Andévalo, Huelva, Andalucía, 21550, España"
443," Sierra de Aracena, Huelva, Andalucía, 21209, España"
444," Comarca Metropolitana de Huelva, Huelva, Andalucía, 21100, España"
445," El Condado, Huelva, Andalucía, 21720, España"
446," Rosal de la Frontera, Sierra de Aracena, Huelva, Andalucía, España"
447," San Bartolomé de la Torre, El Andévalo, Huelva, Andalucía, España"
448," Comarca Metropolitana de Huelva, Huelva, Andalucía, 21610, España"
449," San Silvestre de Guzmán, Costa Occidental, Huelva, Andalucía, España"
450," El Andévalo, Huelva, Andalucía, 21595, España"
451," Santa Ana la Real, Sierra de Aracena, Huelva, Andalucía, España"
452," El Andévalo, Huelva, Andalucía, 21570, España"
453," Sierra de Aracena, Huelva, Andalucía, 21260, España"
454," Trigueros, El Condado, Huelva, Andalucía, España"
455," Sierra de Aracena, Huelva, Andalucía, 21291, España"
456," El Andévalo, Huelva, Andalucía, 21600, España"
457," Costa Occidental, Huelva, Andalucía, 21590, España"
458," El Condado, Huelva, Andalucía, 21860, España"
459," Villanueva de las Cruces, El Andévalo, Huelva, Andalucía, España"
460," El Andévalo, Huelva, Andalucía, 21540, España"
461," El Condado, Huelva, Andalucía, 21700, España"
462," Cuenca Minera, Huelva, Andalucía, 21640, España"
463," Zufre, Sierra de Aracena, Huelva, Andalucía, España"
464," Plaza de la Constitución, Albanchez de Mágina, Jaén, Andalucía, España"
465," Alcalá la Real, Jaén, Andalucía, 23680, España"
466," Alcaudete, Jaén, Andalucía, 23660, España"
467," Aldeaquemada, Jaén, Andalucía, 23215, España"
468," Andújar, Jaén, Andalucía, 23740, España"
469," Arjona, Jaén, Andalucía, 23760, España"
470," Arjonilla, Jaén, Andalucía, 23750, España"
471," Avenida de Andalucía, Arquillos, Jaén, Andalucía, España"
472," Calle Carretera, Arroyo del Ojanco, Jaén, Andalucía, España"
473," Baeza, Jaén, Andalucía, 23440, España"
474," Bailén, Jaén, Andalucía, 23710, España"
475," Baños de la Encina, Jaén, Andalucía, 23711, España"
476," Paseo de la Constitución, Beas de Segura, Jaén, Andalucía, España"
477," Bedmar y Garcíez, Jaén, Andalucía, 23537, España"
478," Begíjar, Jaén, Andalucía, 23520, España"
479," Calle Guzmán Merino, Bélmez de la Moraleda, Jaén, Andalucía, España"
480," Benatae, Jaén, Andalucía, 23370, España"
481," Cabra del Santo Cristo, Jaén, Andalucía, 23550, España"
482," Cambil, Jaén, Andalucía, 23120, España"
483," Campillo de Arenas, Jaén, Andalucía, 23140, España"
484," Canena, Jaén, Andalucía, 23430, España"
485," Carboneros, Jaén, Andalucía, 23211, España"
486," Cárchel, Cárcheles, Jaén, Andalucía, España"
487," La Carolina, Jaén, Andalucía, 23200, España"
488," Avenida de Hospitalet, Castellar, Jaén, Andalucía, España"
489," Castillo de Locubín, Jaén, Andalucía, 23670, España"
490," Plaza de la Constitución, Cazalilla, Jaén, Andalucía, España"
491," Cazorla, Jaén, Andalucía, 23470, España"
492,"Calle Parras Bajas, Chiclana de Segura, Jaén, Andalucía, España"
493," Chilluévar, Jaén, Andalucía, 23477, España"
494," Plaza de la Constitución, Escañuela, Jaén, Andalucía, España"
495," Plaza de la Constitución, Espeluy, Jaén, Andalucía, España"
496,"Plaza Miguel de Cervantes, Frailes, Jaén, Andalucía, España"
497,"Calle Nueva, Fuensanta de Martos, Jaén, Andalucía, España"
498," Fuerte del Rey, Jaén, Andalucía, 23180, España"
499," Génave, Jaén, Andalucía, 23392, España"
500," La Guardia de Jaén, Jaén, Andalucía, 23170, España"
501," Guarromán, Jaén, Andalucía, 23210, España"
502," Higuera de Calatrava, Jaén, Andalucía, 23612, España"
503," Plaza de la Constitución, Hinojares, Jaén, Andalucía, España"
504," Hornos, Jaén, Andalucía, 23293, España"
505," Huelma, Jaén, Andalucía, 23560, España"
506," Rincón, Huesa, Jaén, Andalucía, España"
507," Ibros, Jaén, Andalucía, 23450, España"
508," La Iruela, Jaén, Andalucía, 23476, España"
509," Iznatoraf, Jaén, Andalucía, 23338, España"
510," Plaza del Ayuntamiento, Jabalquinto, Jaén, Andalucía, España"
511," San Bartolomé, Jaén, Andalucía, 23004, España"
512," Jamilena, Jaén, Andalucía, 23658, España"
513," Plaza de la Constitución, Jimena, Jaén, Andalucía, España"
514," Jódar, Jaén, Andalucía, 23500, España"
515," Calle Pío XII, Lahiguera, Jaén, Andalucía, España"
516,"Paseo de Andalucía, Larva, Jaén, Andalucía, España"
517," Linares, Jaén, Andalucía, 23700, España"
518," Lopera, Jaén, Andalucía, 23780, España"
519," Lupión, Jaén, Andalucía, 23528, España"
520," Mancha Real, Jaén, Andalucía, 23100, España"
521," Marmolejo, Jaén, Andalucía, 23770, España"
522," Martos, Jaén, Andalucía, 23600, España"
523," Mengíbar, Jaén, Andalucía, 23620, España"
524," Calle Real, Montizón, Jaén, Andalucía, España"
525," Navas de San Juan, Jaén, Andalucía, 23240, España"
526," Noalejo, Jaén, Andalucía, 23140, España"
527," Orcera, Jaén, Andalucía, 23370, España"
528," Peal de Becerro, Jaén, Andalucía, 23460, España"
529," Pegalajar, Jaén, Andalucía, 23110, España"
530," Porcuna, Jaén, Andalucía, 23790, España"
531," Pozo Alcón, Jaén, Andalucía, 23485, España"
532," Puente de Génave, Jaén, Andalucía, 23350, España"
533," La Puerta de Segura, Jaén, Andalucía, 23360, España"
534," Quesada, Jaén, Andalucía, 23480, España"
535," Rus, Jaén, Andalucía, 23430, España"
536," Sabiote, Jaén, Andalucía, 23410, España"
537," Santa Elena, Jaén, Andalucía, 23213, España"
538," Santiago de la Espada, Santiago-Pontones, Jaén, Andalucía, España"
539," Santiago de Calatrava, Jaén, Andalucía, 23612, España"
540," Calle Padre Moya, Santisteban del Puerto, Jaén, Andalucía, España"
541," Santo Tomé, Jaén, Andalucía, 23311, España"
542," Segura de la Sierra, Jaén, Andalucía, 23370, España"
543,"Plaza del Agua, Siles, Jaén, Andalucía, España"
544," Calle Ramón y Cajal, Sorihuela del Guadalimar, Jaén, Andalucía, España"
545," Torre del Campo, Jaén, Andalucía, 23640, España"
546," Torreblascopedro, Jaén, Andalucía, 23510, España"
547," Torredonjimeno, Jaén, Andalucía, 23650, España"
548," Torreperogil, Jaén, Andalucía, 23320, España"
549," Plaza de España, Torres, Jaén, Andalucía, España"
550," Torres de Albánchez, Jaén, Andalucía, 23391, España"
551," Úbeda, Jaén, Andalucía, 23400, España"
552," Valdepeñas de Jaén, Jaén, Andalucía, 23150, España"
553," Vilches, Jaén, Andalucía, 23220, España"
554," Villacarrillo, Jaén, Andalucía, 23300, España"
555," Plaza de Andalucía, Villanueva de la Reina, Jaén, Andalucía, España"
556," Villanueva del Arzobispo, Jaén, Andalucía, 23330, España"
557," Calle Capitán Ortega Gallo, Villardompardo, Jaén, Andalucía, España"
558," Los Villares, Jaén, Andalucía, 23160, España"
559,"Trav. Calle Mesón, Villarrodrigo, Jaén, Andalucía, España"
560," Villatorres, Jaén, Andalucía, 23630, España"
561," Antequera, Málaga, Andalucía, 29530, España"
562," La Axarquía, Málaga, Andalucía, 29711, España"
563," La Axarquía, Málaga, Andalucía, 29194, España"
564," La Axarquía, Málaga, Andalucía, 29194, España"
565," La Axarquía, Málaga, Andalucía, 29750, España"
566," Serranía de Ronda, Málaga, Andalucía, 29491, España"
567," Valle del Guadalhorce, Málaga, Andalucía, 20620, España"
568," Valle del Guadalhorce, Málaga, Andalucía, 29120, España"
569," La Axarquía, Málaga, Andalucía, 29718, España"
570," Almargen, Guadalteba, Málaga, Andalucía, España"
571," Almogía, Valle del Guadalhorce, Málaga, Andalucía, España"
572," Valle del Guadalhorce, Málaga, Andalucía, 29500, España"
573," Sierra de las Nieves, Málaga, Andalucía, 29108, España"
574," Serranía de Ronda, Málaga, Andalucía, 29462, España"
575," Antequera, Málaga, Andalucía, 29200, España"
576," La Axarquía, Málaga, Andalucía, 29755, España"
577," Nororma, Málaga, Andalucía, 29300, España"
578," Guadalteba, Málaga, Andalucía, 29550, España"
579," La Axarquía, Málaga, Andalucía, 29753, España"
580," Serranía de Ronda, Málaga, Andalucía, 29350, España"
581," Atajate, Serranía de Ronda, Málaga, Andalucía, España"
582," Benadalid, Serranía de Ronda, Málaga, Andalucía, España"
583," Costa del Sol Occidental, Málaga, Andalucía, 29679, España"
584," Serranía de Ronda, Málaga, Andalucía, 29491, España"
585," Costa del Sol Occidental, Málaga, Andalucía, 29639, España"
586," La Axarquía, Málaga, Andalucía, 29718, España"
587," La Axarquía, Málaga, Andalucía, 29792, España"
588," Serranía de Ronda, Málaga, Andalucía, 29370, España"
589," Serranía de Ronda, Málaga, Andalucía, 29290, España"
590," La Axarquía, Málaga, Andalucía, 29718, España"
591," El Burgo, Sierra de las Nieves, Málaga, Andalucía, España"
592," Guadalteba, Málaga, Andalucía, 29320, España"
593," Guadalteba, Málaga, Andalucía, 29340, España"
594," La Axarquía, Málaga, Andalucía, 29716, España"
595," La Axarquía, Málaga, Andalucía, 29755, España"
596," Guadalteba, Málaga, Andalucía, 29551, España"
597," Serranía de Ronda, Málaga, Andalucía, 29452, España"
598," Valle del Guadalhorce, Málaga, Andalucía, 29580, España"
599," Antequera, Málaga, Andalucía, 29160, España"
600," Casarabonela, Sierra de las Nieves, Málaga, Andalucía, España"
601," Casares, Costa del Sol Occidental, Málaga, Andalucía, España"
602," Valle del Guadalhorce, Málaga, Andalucía, 29100, España"
603," La Axarquía, Málaga, Andalucía, 29170, España"
604," La Axarquía, Málaga, Andalucía, 29195, España"
605," La Axarquía, Málaga, Andalucía, 29754, España"
606," Serranía de Ronda, Málaga, Andalucía, 29380, España"
607," Nororma, Málaga, Andalucía, 29220, España"
608," Nororma, Málaga, Andalucía, 29210, España"
609," Cuevas del Becerro, Guadalteba, Málaga, Andalucía, España"
610," La Axarquía, Málaga, Andalucía, 29718, España"
611," Costa del Sol Occidental, Málaga, Andalucía, 29680, España"
612," Serranía de Ronda, Málaga, Andalucía, 29462, España"
613," La Axarquía, Málaga, Andalucía, 28788, España"
614," Costa del Sol Occidental, Málaga, Andalucía, 29640, España"
615," Antequera, Málaga, Andalucía, 29520, España"
616," Serranía de Ronda, Málaga, Andalucía, 29480, España"
617," Serranía de Ronda, Málaga, Andalucía, 29492, España"
618," Sierra de las Nieves, Málaga, Andalucía, 29108, España"
619," Antequera, Málaga, Andalucía, 29531, España"
620," Igualeja, Serranía de Ronda, Málaga, Andalucía, España"
621," Istán, Sierra de las Nieves, Málaga, Andalucía, España"
622," La Axarquía, Málaga, Andalucía, 29792, España"
623," Jimera de Líbar, Serranía de Ronda, Málaga, Andalucía, España"
624," Serranía de Ronda, Málaga, Andalucía, 29492, España"
625," Serranía de Ronda, Málaga, Andalucía, 29462, España"
626," La Axarquía, Málaga, Andalucía, 29791, España"
627," Málaga-Costa del Sol, Málaga, Andalucía, 29012, España"
628," Costa del Sol Occidental, Málaga, Andalucía, 29691, España"
629," Costa del Sol Occidental, Málaga, Andalucía, 29601, España"
630," Costa del Sol Occidental, Málaga, Andalucía, 29650, España"
631," La Axarquía, Málaga, Andalucía, 29791, España"
632," Antequera, Málaga, Andalucía, 29532, España"
633," Monda, Sierra de las Nieves, Málaga, Andalucía, España"
634," Serranía de Ronda, Málaga, Andalucía, 29360, España"
635," La Axarquía, Málaga, Andalucía, 29780, España"
636," Sierra de las Nieves, Málaga, Andalucía, 29610, España"
637," Serranía de Ronda, Málaga, Andalucía, 29451, España"
638," La Axarquía, Málaga, Andalucía, 29710, España"
639," Valle del Guadalhorce, Málaga, Andalucía, 29560, España"
640," Serranía de Ronda, Málaga, Andalucía, 29460, España"
641," La Axarquía, Málaga, Andalucía, 29730, España"
642," La Axarquía, Málaga, Andalucía, 29180, España"
643," Serranía de Ronda, Málaga, Andalucía, 29400, España"
644," La Axarquía, Málaga, Andalucía, 29753, España"
645," La Axarquía, Málaga, Andalucía, 29752, España"
646," La Axarquía, Málaga, Andalucía, 29753, España"
647," Sierra de Yeguas, Guadalteba, Málaga, Andalucía, España"
648," Teba, Guadalteba, Málaga, Andalucía, España"
649," Sierra de las Nieves, Málaga, Andalucía, 29109, España"
650," Costa del Sol Occidental, Málaga, Andalucía, 29620, España"
651," La Axarquía, Málaga, Andalucía, 29770, España"
652," La Axarquía, Málaga, Andalucía, 29197, España"
653," Valle del Guadalhorce, Málaga, Andalucía, 29240, España"
654," La Axarquía, Málaga, Andalucía, 29700, España"
655," Villanueva de Algaidas, Nororma, Málaga, Andalucía, España"
656," Villanueva de Tapia, Nororma, Málaga, Andalucía, España"
657," Nororma, Málaga, Andalucía, 29313, España"
658," Nororma, Málaga, Andalucía, 29313, España"
659," La Axarquía, Málaga, Andalucía, 29712, España"
660," Sierra de las Nieves, Málaga, Andalucía, 29109, España"
661," Plaza Ramón y Cajal, Aguadulce, Sevilla, Andalucía, España"
662," Plaza del Ayuntamiento, Alanís, Sevilla, Andalucía, España"
663," Albaida del Aljarafe, Sevilla, Andalucía, 41087, España"
664," Alcalá de Guadaíra, Sevilla, Andalucía, 41500, España"
665," Alcalá del Río, Sevilla, Andalucía, 41200, España"
666,"Plaza de la Autonomía, Alcolea del Río, Sevilla, Andalucía, España"
667," La Algaba, Sevilla, Andalucía, 41970, España"
668,"Calle Paseo, Algámitas, Sevilla, Andalucía, España"
669," Almadén de la Plata, Sevilla, Andalucía, 41240, España"
670," Almensilla, Sevilla, Andalucía, 41111, España"
671," Arahal, Sevilla, Andalucía, 41600, España"
672," Aznalcázar, Sevilla, Andalucía, 41849, España"
673," Aznalcóllar, Sevilla, Andalucía, 41870, España"
674," Barriada ""Olof Palme"", Badolatosa, Sevilla, Andalucía, España"
675," Benacazón, Sevilla, Andalucía, 41805, España"
676," Bollullos de la Mitación, Sevilla, Andalucía, 41110, España"
677," Bormujos, Sevilla, Andalucía, 41930, España"
678,"Plaza Primero de Mayo, Brenes, Sevilla, Andalucía, España"
679," Burguillos, Sevilla, Andalucía, 41220, España"
680," Las Cabezas de San Juan, Sevilla, Andalucía, 41730, España"
681," Camas, Sevilla, Andalucía, 41900, España"
682," La Campana, Sevilla, Andalucía, 41429, España"
683," Calle Cristóbal Colón, Cañada Rosal, Sevilla, Andalucía, España"
684," Barriada ""Ntra. Sra. del Rosario"", Cantillana, Sevilla, Andalucía, España"
685," Carmona, Sevilla, Andalucía, 41410, España"
686," Carrión de los Céspedes, Sevilla, Andalucía, 41810, España"
687," Casariche, Sevilla, Andalucía, 41580, España"
688," Castilblanco de los Arroyos, Sevilla, Andalucía, 41230, España"
689," Castilleja de Guzmán, Sevilla, Andalucía, 41907, España"
690," Castilleja de la Cuesta, Sevilla, Andalucía, 41950, España"
691," Castilleja del Campo, Sevilla, Andalucía, 41810, España"
692," Barriada Cruz Marín, El Castillo de las Guardas, Sevilla, Andalucía, España"
693," Cazalla de la Sierra, Sevilla, Andalucía, 41370, España"
694," Constantina, Sevilla, Andalucía, 41450, España"
695," Coria del Río, Sevilla, Andalucía, 41100, España"
696," Coripe, Sevilla, Andalucía, 41780, España"
697," El Coronil, Sevilla, Andalucía, 41760, España"
698," Los Corrales, Sevilla, Andalucía, 41657, España"
699," Calle Mercado, El Cuervo de Sevilla, Sevilla, Andalucía, España"
700," Dos Hermanas, Sevilla, Andalucía, 41702, España"
701," Écija, Sevilla, Andalucía, 41400, España"
702," Espartinas, Sevilla, Andalucía, 41807, España"
703," Estepa, Sevilla, Andalucía, 41560, España"
704," Calle General Armero, Fuentes de Andalucía, Sevilla, Andalucía, España"
705," Plaza de la Constitución, El Garrobo, Sevilla, Andalucía, España"
706,"Gelves, Sevilla, Andalucía, 41920, España"
707," Gerena, Sevilla, Andalucía, 41860, España"
708,"Calle Huerta, Gilena, Sevilla, Andalucía, España"
709," Gines, Sevilla, Andalucía, 41960, España"
710," Guadalcanal, Sevilla, Andalucía, 41390, España"
711," Guillena, Sevilla, Andalucía, 41210, España"
712," Herrera, Sevilla, Andalucía, 41567, España"
713," Huévar del Aljarafe, Sevilla, Andalucía, 41380, España"
714," Isla Mayor, Sevilla, Andalucía, 41140, España"
715," Calle Modesto Mallén López, La Lantejuela, Sevilla, Andalucía, España"
716,"Plaza de España, Lebrija, Sevilla, Andalucía, España"
717," San Miguel, Lora de Estepa, Sevilla, Andalucía, España"
718," Lora del Río, Sevilla, Andalucía, 41440, España"
719," La Luisiana, Sevilla, Andalucía, 41430, España"
720,"Calle Fernando Alsonso Lopez, El Madroño, Sevilla, Andalucía, España"
721," Mairena del Alcor, Sevilla, Andalucía, 41510, España"
722," Mairena del Aljarafe, Sevilla, Andalucía, 41927, España"
723," Marchena, Sevilla, Andalucía, 41620, España"
724," Marinaleda, Sevilla, Andalucía, 41569, España"
725," Martín de la Jara, Sevilla, Andalucía, 41657, España"
726,"Calle Real, Los Molares, Sevilla, Andalucía, España"
727,"Montellano, Sevilla, Andalucía, España"
728," Plaza del Ayuntamiento, Morón de la Frontera, Sevilla, Andalucía, España"
729," Plaza España, Las Navas de la Concepción, Sevilla, Andalucía, España"
730," Olivares, Sevilla, Andalucía, 41087, España"
731," Osuna, Sevilla, Andalucía, 41640, España"
732," Los Palacios y Villafranca, Sevilla, Andalucía, 41720, España"
733," Palomares del Río, Sevilla, Andalucía, 41927, España"
734," Plaza San Juan de Letrán, Paradas, Sevilla, Andalucía, España"
735,"Calle Primero de Mayo, Pedrera, Sevilla, Andalucía, España"
736," Plaza de la Constitución, El Pedroso, Sevilla, Andalucía, España"
737," Calle Juan Carlos I, Peñaflor, Sevilla, Andalucía, España"
738," Pilas, Sevilla, Andalucía, 41840, España"
739," Plaza de la Constitución, Pruna, Sevilla, Andalucía, España"
